,audio_url,text,title,description,date,episode_length
0,https://www.podtrac.com/pts/redirect.mp3/pdst.fm/e/chrt.fm/track/3F7F74/traffic.megaphone.fm/SCIM1698075556.mp3?updated=1705298655,more pain,Dr. Sean Mackey: Tools to Reduce & Manage Pain,"In this episode, my guest is Dr. Sean Mackey, M.D., Ph.D., Chief of the Division of Pain Medicine and Professor of Anesthesiology, Perioperative and Pain Medicine and Neurology at Stanford University School of Medicine.","Mon, 15 Jan 2024 09:00:00 -0000",2:56:41
2,https://www.podtrac.com/pts/redirect.mp3/pdst.fm/e/chrt.fm/track/3F7F74/traffic.megaphone.fm/SCIM1698075556.mp3?updated=1705298655,pain threshold,Dr. Sean Mackey: Tools to Reduce & Manage Pain,"In this episode, my guest is Dr. Sean Mackey, M.D., Ph.D., Chief of the Division of Pain Medicine and Professor of Anesthesiology, Perioperative and Pain Medicine and Neurology at Stanford University School of Medicine.","Mon, 15 Jan 2024 09:00:00 -0000",2:56:41
13,https://www.podtrac.com/pts/redirect.mp3/pdst.fm/e/chrt.fm/track/3F7F74/traffic.megaphone.fm/SCIM1698075556.mp3?updated=1705298655,chronic pain,Dr. Sean Mackey: Tools to Reduce & Manage Pain,"In this episode, my guest is Dr. Sean Mackey, M.D., Ph.D., Chief of the Division of Pain Medicine and Professor of Anesthesiology, Perioperative and Pain Medicine and Neurology at Stanford University School of Medicine.","Mon, 15 Jan 2024 09:00:00 -0000",2:56:41
40,https://www.podtrac.com/pts/redirect.mp3/pdst.fm/e/chrt.fm/track/3F7F74/traffic.megaphone.fm/SCIM1698075556.mp3?updated=1705298655,reducing pain,Dr. Sean Mackey: Tools to Reduce & Manage Pain,"In this episode, my guest is Dr. Sean Mackey, M.D., Ph.D., Chief of the Division of Pain Medicine and Professor of Anesthesiology, Perioperative and Pain Medicine and Neurology at Stanford University School of Medicine.","Mon, 15 Jan 2024 09:00:00 -0000",2:56:41
43,https://www.podtrac.com/pts/redirect.mp3/pdst.fm/e/chrt.fm/track/3F7F74/traffic.megaphone.fm/SCIM1698075556.mp3?updated=1705298655,physical pain,Dr. Sean Mackey: Tools to Reduce & Manage Pain,"In this episode, my guest is Dr. Sean Mackey, M.D., Ph.D., Chief of the Division of Pain Medicine and Professor of Anesthesiology, Perioperative and Pain Medicine and Neurology at Stanford University School of Medicine.","Mon, 15 Jan 2024 09:00:00 -0000",2:56:41
49,https://www.podtrac.com/pts/redirect.mp3/pdst.fm/e/chrt.fm/track/3F7F74/traffic.megaphone.fm/SCIM1698075556.mp3?updated=1705298655,psychological pain,Dr. Sean Mackey: Tools to Reduce & Manage Pain,"In this episode, my guest is Dr. Sean Mackey, M.D., Ph.D., Chief of the Division of Pain Medicine and Professor of Anesthesiology, Perioperative and Pain Medicine and Neurology at Stanford University School of Medicine.","Mon, 15 Jan 2024 09:00:00 -0000",2:56:41
53,https://www.podtrac.com/pts/redirect.mp3/pdst.fm/e/chrt.fm/track/3F7F74/traffic.megaphone.fm/SCIM1698075556.mp3?updated=1705298655,emotional pain,Dr. Sean Mackey: Tools to Reduce & Manage Pain,"In this episode, my guest is Dr. Sean Mackey, M.D., Ph.D., Chief of the Division of Pain Medicine and Professor of Anesthesiology, Perioperative and Pain Medicine and Neurology at Stanford University School of Medicine.","Mon, 15 Jan 2024 09:00:00 -0000",2:56:41
60,https://www.podtrac.com/pts/redirect.mp3/pdst.fm/e/chrt.fm/track/3F7F74/traffic.megaphone.fm/SCIM1698075556.mp3?updated=1705298655,pain treatments,Dr. Sean Mackey: Tools to Reduce & Manage Pain,"In this episode, my guest is Dr. Sean Mackey, M.D., Ph.D., Chief of the Division of Pain Medicine and Professor of Anesthesiology, Perioperative and Pain Medicine and Neurology at Stanford University School of Medicine.","Mon, 15 Jan 2024 09:00:00 -0000",2:56:41
61,https://www.podtrac.com/pts/redirect.mp3/pdst.fm/e/chrt.fm/track/3F7F74/traffic.megaphone.fm/SCIM1698075556.mp3?updated=1705298655,pain physicians,Dr. Sean Mackey: Tools to Reduce & Manage Pain,"In this episode, my guest is Dr. Sean Mackey, M.D., Ph.D., Chief of the Division of Pain Medicine and Professor of Anesthesiology, Perioperative and Pain Medicine and Neurology at Stanford University School of Medicine.","Mon, 15 Jan 2024 09:00:00 -0000",2:56:41
62,https://www.podtrac.com/pts/redirect.mp3/pdst.fm/e/chrt.fm/track/3F7F74/traffic.megaphone.fm/SCIM1698075556.mp3?updated=1705298655,different pain thresholds,Dr. Sean Mackey: Tools to Reduce & Manage Pain,"In this episode, my guest is Dr. Sean Mackey, M.D., Ph.D., Chief of the Division of Pain Medicine and Professor of Anesthesiology, Perioperative and Pain Medicine and Neurology at Stanford University School of Medicine.","Mon, 15 Jan 2024 09:00:00 -0000",2:56:41
65,https://www.podtrac.com/pts/redirect.mp3/pdst.fm/e/chrt.fm/track/3F7F74/traffic.megaphone.fm/SCIM1698075556.mp3?updated=1705298655,pain problems,Dr. Sean Mackey: Tools to Reduce & Manage Pain,"In this episode, my guest is Dr. Sean Mackey, M.D., Ph.D., Chief of the Division of Pain Medicine and Professor of Anesthesiology, Perioperative and Pain Medicine and Neurology at Stanford University School of Medicine.","Mon, 15 Jan 2024 09:00:00 -0000",2:56:41
66,https://www.podtrac.com/pts/redirect.mp3/pdst.fm/e/chrt.fm/track/3F7F74/traffic.megaphone.fm/SCIM1698075556.mp3?updated=1705298655,pain conditions,Dr. Sean Mackey: Tools to Reduce & Manage Pain,"In this episode, my guest is Dr. Sean Mackey, M.D., Ph.D., Chief of the Division of Pain Medicine and Professor of Anesthesiology, Perioperative and Pain Medicine and Neurology at Stanford University School of Medicine.","Mon, 15 Jan 2024 09:00:00 -0000",2:56:41
69,https://www.podtrac.com/pts/redirect.mp3/pdst.fm/e/chrt.fm/track/3F7F74/traffic.megaphone.fm/SCIM1698075556.mp3?updated=1705298655,referred pain,Dr. Sean Mackey: Tools to Reduce & Manage Pain,"In this episode, my guest is Dr. Sean Mackey, M.D., Ph.D., Chief of the Division of Pain Medicine and Professor of Anesthesiology, Perioperative and Pain Medicine and Neurology at Stanford University School of Medicine.","Mon, 15 Jan 2024 09:00:00 -0000",2:56:41
71,https://www.podtrac.com/pts/redirect.mp3/pdst.fm/e/chrt.fm/track/3F7F74/traffic.megaphone.fm/SCIM1698075556.mp3?updated=1705298655,gut pain,Dr. Sean Mackey: Tools to Reduce & Manage Pain,"In this episode, my guest is Dr. Sean Mackey, M.D., Ph.D., Chief of the Division of Pain Medicine and Professor of Anesthesiology, Perioperative and Pain Medicine and Neurology at Stanford University School of Medicine.","Mon, 15 Jan 2024 09:00:00 -0000",2:56:41
74,https://www.podtrac.com/pts/redirect.mp3/pdst.fm/e/chrt.fm/track/3F7F74/traffic.megaphone.fm/SCIM1698075556.mp3?updated=1705298655,back pain,Dr. Sean Mackey: Tools to Reduce & Manage Pain,"In this episode, my guest is Dr. Sean Mackey, M.D., Ph.D., Chief of the Division of Pain Medicine and Professor of Anesthesiology, Perioperative and Pain Medicine and Neurology at Stanford University School of Medicine.","Mon, 15 Jan 2024 09:00:00 -0000",2:56:41
86,https://www.podtrac.com/pts/redirect.mp3/pdst.fm/e/chrt.fm/track/3F7F74/traffic.megaphone.fm/SCIM6232468504.mp3?updated=1704091174,many people,David Goggins: How to Build Immense Inner Strength,"In this episode, my guest is David Goggins, retired Navy SEAL, highly accomplished ultramarathoner, best-selling author, and influential public speaker.","Mon, 01 Jan 2024 09:00:00 -0000",2:37:34
97,https://www.podtrac.com/pts/redirect.mp3/pdst.fm/e/chrt.fm/track/3F7F74/traffic.megaphone.fm/SCIM6232468504.mp3?updated=1704091174,most people,David Goggins: How to Build Immense Inner Strength,"In this episode, my guest is David Goggins, retired Navy SEAL, highly accomplished ultramarathoner, best-selling author, and influential public speaker.","Mon, 01 Jan 2024 09:00:00 -0000",2:37:34
117,https://www.podtrac.com/pts/redirect.mp3/pdst.fm/e/chrt.fm/track/3F7F74/traffic.megaphone.fm/SCIM6232468504.mp3?updated=1704091174,other people,David Goggins: How to Build Immense Inner Strength,"In this episode, my guest is David Goggins, retired Navy SEAL, highly accomplished ultramarathoner, best-selling author, and influential public speaker.","Mon, 01 Jan 2024 09:00:00 -0000",2:37:34
119,https://www.podtrac.com/pts/redirect.mp3/pdst.fm/e/chrt.fm/track/3F7F74/traffic.megaphone.fm/SCIM6232468504.mp3?updated=1704091174,normal people,David Goggins: How to Build Immense Inner Strength,"In this episode, my guest is David Goggins, retired Navy SEAL, highly accomplished ultramarathoner, best-selling author, and influential public speaker.","Mon, 01 Jan 2024 09:00:00 -0000",2:37:34
123,https://www.podtrac.com/pts/redirect.mp3/pdst.fm/e/chrt.fm/track/3F7F74/traffic.megaphone.fm/SCIM6232468504.mp3?updated=1704091174,wealthy people,David Goggins: How to Build Immense Inner Strength,"In this episode, my guest is David Goggins, retired Navy SEAL, highly accomplished ultramarathoner, best-selling author, and influential public speaker.","Mon, 01 Jan 2024 09:00:00 -0000",2:37:34
124,https://www.podtrac.com/pts/redirect.mp3/pdst.fm/e/chrt.fm/track/3F7F74/traffic.megaphone.fm/SCIM6232468504.mp3?updated=1704091174,obese people,David Goggins: How to Build Immense Inner Strength,"In this episode, my guest is David Goggins, retired Navy SEAL, highly accomplished ultramarathoner, best-selling author, and influential public speaker.","Mon, 01 Jan 2024 09:00:00 -0000",2:37:34
125,https://www.podtrac.com/pts/redirect.mp3/pdst.fm/e/chrt.fm/track/3F7F74/traffic.megaphone.fm/SCIM6232468504.mp3?updated=1704091174,normal everyday people,David Goggins: How to Build Immense Inner Strength,"In this episode, my guest is David Goggins, retired Navy SEAL, highly accomplished ultramarathoner, best-selling author, and influential public speaker.","Mon, 01 Jan 2024 09:00:00 -0000",2:37:34
127,https://www.podtrac.com/pts/redirect.mp3/pdst.fm/e/chrt.fm/track/3F7F74/traffic.megaphone.fm/SCIM6232468504.mp3?updated=1704091174,many things,David Goggins: How to Build Immense Inner Strength,"In this episode, my guest is David Goggins, retired Navy SEAL, highly accomplished ultramarathoner, best-selling author, and influential public speaker.","Mon, 01 Jan 2024 09:00:00 -0000",2:37:34
129,https://www.podtrac.com/pts/redirect.mp3/pdst.fm/e/chrt.fm/track/3F7F74/traffic.megaphone.fm/SCIM6232468504.mp3?updated=1704091174,different thing,David Goggins: How to Build Immense Inner Strength,"In this episode, my guest is David Goggins, retired Navy SEAL, highly accomplished ultramarathoner, best-selling author, and influential public speaker.","Mon, 01 Jan 2024 09:00:00 -0000",2:37:34
131,https://www.podtrac.com/pts/redirect.mp3/pdst.fm/e/chrt.fm/track/3F7F74/traffic.megaphone.fm/SCIM6232468504.mp3?updated=1704091174,other things,David Goggins: How to Build Immense Inner Strength,"In this episode, my guest is David Goggins, retired Navy SEAL, highly accomplished ultramarathoner, best-selling author, and influential public speaker.","Mon, 01 Jan 2024 09:00:00 -0000",2:37:34
132,https://www.podtrac.com/pts/redirect.mp3/pdst.fm/e/chrt.fm/track/3F7F74/traffic.megaphone.fm/SCIM6232468504.mp3?updated=1704091174,coffee first thing,David Goggins: How to Build Immense Inner Strength,"In this episode, my guest is David Goggins, retired Navy SEAL, highly accomplished ultramarathoner, best-selling author, and influential public speaker.","Mon, 01 Jan 2024 09:00:00 -0000",2:37:34
133,https://www.podtrac.com/pts/redirect.mp3/pdst.fm/e/chrt.fm/track/3F7F74/traffic.megaphone.fm/SCIM6232468504.mp3?updated=1704091174,David Goggins,David Goggins: How to Build Immense Inner Strength,"In this episode, my guest is David Goggins, retired Navy SEAL, highly accomplished ultramarathoner, best-selling author, and influential public speaker.","Mon, 01 Jan 2024 09:00:00 -0000",2:37:34
171,https://www.podtrac.com/pts/redirect.mp3/pdst.fm/e/chrt.fm/track/3F7F74/traffic.megaphone.fm/SCIM6232468504.mp3?updated=1704091174,hard things,David Goggins: How to Build Immense Inner Strength,"In this episode, my guest is David Goggins, retired Navy SEAL, highly accomplished ultramarathoner, best-selling author, and influential public speaker.","Mon, 01 Jan 2024 09:00:00 -0000",2:37:34
174,https://www.podtrac.com/pts/redirect.mp3/pdst.fm/e/chrt.fm/track/3F7F74/traffic.megaphone.fm/SCIM6232468504.mp3?updated=1704091174,people's lives,David Goggins: How to Build Immense Inner Strength,"In this episode, my guest is David Goggins, retired Navy SEAL, highly accomplished ultramarathoner, best-selling author, and influential public speaker.","Mon, 01 Jan 2024 09:00:00 -0000",2:37:34
175,https://www.podtrac.com/pts/redirect.mp3/pdst.fm/e/chrt.fm/track/3F7F74/traffic.megaphone.fm/SCIM6232468504.mp3?updated=1704091174,fucking computer,David Goggins: How to Build Immense Inner Strength,"In this episode, my guest is David Goggins, retired Navy SEAL, highly accomplished ultramarathoner, best-selling author, and influential public speaker.","Mon, 01 Jan 2024 09:00:00 -0000",2:37:34
176,https://www.podtrac.com/pts/redirect.mp3/pdst.fm/e/chrt.fm/track/3F7F74/traffic.megaphone.fm/SCIM1811421687.mp3?updated=1702249419,other people,Robert Greene: A Process for Finding & Achieving Your Unique Purpose,"In this episode, my guest is Robert Greene, multiple New York Times bestselling author and expert on human psychology and behavior both at the individual and group levels and in the context of relationships, careers, and society.","Mon, 04 Dec 2023 09:00:00 -0000",3:11:17
192,https://www.podtrac.com/pts/redirect.mp3/pdst.fm/e/chrt.fm/track/3F7F74/traffic.megaphone.fm/SCIM1811421687.mp3?updated=1702249419,other things,Robert Greene: A Process for Finding & Achieving Your Unique Purpose,"In this episode, my guest is Robert Greene, multiple New York Times bestselling author and expert on human psychology and behavior both at the individual and group levels and in the context of relationships, careers, and society.","Mon, 04 Dec 2023 09:00:00 -0000",3:11:17
201,https://www.podtrac.com/pts/redirect.mp3/pdst.fm/e/chrt.fm/track/3F7F74/traffic.megaphone.fm/SCIM1811421687.mp3?updated=1702249419,many other things,Robert Greene: A Process for Finding & Achieving Your Unique Purpose,"In this episode, my guest is Robert Greene, multiple New York Times bestselling author and expert on human psychology and behavior both at the individual and group levels and in the context of relationships, careers, and society.","Mon, 04 Dec 2023 09:00:00 -0000",3:11:17
202,https://www.podtrac.com/pts/redirect.mp3/pdst.fm/e/chrt.fm/track/3F7F74/traffic.megaphone.fm/SCIM1811421687.mp3?updated=1702249419,different people,Robert Greene: A Process for Finding & Achieving Your Unique Purpose,"In this episode, my guest is Robert Greene, multiple New York Times bestselling author and expert on human psychology and behavior both at the individual and group levels and in the context of relationships, careers, and society.","Mon, 04 Dec 2023 09:00:00 -0000",3:11:17
204,https://www.podtrac.com/pts/redirect.mp3/pdst.fm/e/chrt.fm/track/3F7F74/traffic.megaphone.fm/SCIM1811421687.mp3?updated=1702249419,different things,Robert Greene: A Process for Finding & Achieving Your Unique Purpose,"In this episode, my guest is Robert Greene, multiple New York Times bestselling author and expert on human psychology and behavior both at the individual and group levels and in the context of relationships, careers, and society.","Mon, 04 Dec 2023 09:00:00 -0000",3:11:17
209,https://www.podtrac.com/pts/redirect.mp3/pdst.fm/e/chrt.fm/track/3F7F74/traffic.megaphone.fm/SCIM1811421687.mp3?updated=1702249419,many people,Robert Greene: A Process for Finding & Achieving Your Unique Purpose,"In this episode, my guest is Robert Greene, multiple New York Times bestselling author and expert on human psychology and behavior both at the individual and group levels and in the context of relationships, careers, and society.","Mon, 04 Dec 2023 09:00:00 -0000",3:11:17
211,https://www.podtrac.com/pts/redirect.mp3/pdst.fm/e/chrt.fm/track/3F7F74/traffic.megaphone.fm/SCIM1811421687.mp3?updated=1702249419,great things,Robert Greene: A Process for Finding & Achieving Your Unique Purpose,"In this episode, my guest is Robert Greene, multiple New York Times bestselling author and expert on human psychology and behavior both at the individual and group levels and in the context of relationships, careers, and society.","Mon, 04 Dec 2023 09:00:00 -0000",3:11:17
212,https://www.podtrac.com/pts/redirect.mp3/pdst.fm/e/chrt.fm/track/3F7F74/traffic.megaphone.fm/SCIM1811421687.mp3?updated=1702249419,certain things,Robert Greene: A Process for Finding & Achieving Your Unique Purpose,"In this episode, my guest is Robert Greene, multiple New York Times bestselling author and expert on human psychology and behavior both at the individual and group levels and in the context of relationships, careers, and society.","Mon, 04 Dec 2023 09:00:00 -0000",3:11:17
215,https://www.podtrac.com/pts/redirect.mp3/pdst.fm/e/chrt.fm/track/3F7F74/traffic.megaphone.fm/SCIM1811421687.mp3?updated=1702249419,new things,Robert Greene: A Process for Finding & Achieving Your Unique Purpose,"In this episode, my guest is Robert Greene, multiple New York Times bestselling author and expert on human psychology and behavior both at the individual and group levels and in the context of relationships, careers, and society.","Mon, 04 Dec 2023 09:00:00 -0000",3:11:17
216,https://www.podtrac.com/pts/redirect.mp3/pdst.fm/e/chrt.fm/track/3F7F74/traffic.megaphone.fm/SCIM1811421687.mp3?updated=1702249419,young people,Robert Greene: A Process for Finding & Achieving Your Unique Purpose,"In this episode, my guest is Robert Greene, multiple New York Times bestselling author and expert on human psychology and behavior both at the individual and group levels and in the context of relationships, careers, and society.","Mon, 04 Dec 2023 09:00:00 -0000",3:11:17
222,https://www.podtrac.com/pts/redirect.mp3/pdst.fm/e/chrt.fm/track/3F7F74/traffic.megaphone.fm/SCIM1811421687.mp3?updated=1702249419,most people,Robert Greene: A Process for Finding & Achieving Your Unique Purpose,"In this episode, my guest is Robert Greene, multiple New York Times bestselling author and expert on human psychology and behavior both at the individual and group levels and in the context of relationships, careers, and society.","Mon, 04 Dec 2023 09:00:00 -0000",3:11:17
226,https://www.podtrac.com/pts/redirect.mp3/pdst.fm/e/chrt.fm/track/3F7F74/traffic.megaphone.fm/SCIM1811421687.mp3?updated=1702249419,creative people,Robert Greene: A Process for Finding & Achieving Your Unique Purpose,"In this episode, my guest is Robert Greene, multiple New York Times bestselling author and expert on human psychology and behavior both at the individual and group levels and in the context of relationships, careers, and society.","Mon, 04 Dec 2023 09:00:00 -0000",3:11:17
227,https://www.podtrac.com/pts/redirect.mp3/pdst.fm/e/chrt.fm/track/3F7F74/traffic.megaphone.fm/SCIM1811421687.mp3?updated=1702249419,toxic people,Robert Greene: A Process for Finding & Achieving Your Unique Purpose,"In this episode, my guest is Robert Greene, multiple New York Times bestselling author and expert on human psychology and behavior both at the individual and group levels and in the context of relationships, careers, and society.","Mon, 04 Dec 2023 09:00:00 -0000",3:11:17
229,https://www.podtrac.com/pts/redirect.mp3/pdst.fm/e/chrt.fm/track/3F7F74/traffic.megaphone.fm/SCIM1811421687.mp3?updated=1702249419,confused people,Robert Greene: A Process for Finding & Achieving Your Unique Purpose,"In this episode, my guest is Robert Greene, multiple New York Times bestselling author and expert on human psychology and behavior both at the individual and group levels and in the context of relationships, careers, and society.","Mon, 04 Dec 2023 09:00:00 -0000",3:11:17
230,https://www.podtrac.com/pts/redirect.mp3/pdst.fm/e/chrt.fm/track/3F7F74/traffic.megaphone.fm/SCIM1811421687.mp3?updated=1702249419,strange things,Robert Greene: A Process for Finding & Achieving Your Unique Purpose,"In this episode, my guest is Robert Greene, multiple New York Times bestselling author and expert on human psychology and behavior both at the individual and group levels and in the context of relationships, careers, and society.","Mon, 04 Dec 2023 09:00:00 -0000",3:11:17
232,https://www.podtrac.com/pts/redirect.mp3/pdst.fm/e/chrt.fm/track/3F7F74/traffic.megaphone.fm/SCIM2172700344.mp3?updated=1704055311,red lights,"AMA #14: 2023 Philanthropy, Evening Routine, Light Therapy, Health Metrics & More","Welcome to a special edition of the 14th Ask Me Anything (AMA) episode, part of Huberman Lab Premium.","Sun, 31 Dec 2023 20:45:00 -0000",1:05:10
248,https://www.podtrac.com/pts/redirect.mp3/pdst.fm/e/chrt.fm/track/3F7F74/traffic.megaphone.fm/SCIM2172700344.mp3?updated=1704055311,Red light therapy,"AMA #14: 2023 Philanthropy, Evening Routine, Light Therapy, Health Metrics & More","Welcome to a special edition of the 14th Ask Me Anything (AMA) episode, part of Huberman Lab Premium.","Sun, 31 Dec 2023 20:45:00 -0000",1:05:10
254,https://www.podtrac.com/pts/redirect.mp3/pdst.fm/e/chrt.fm/track/3F7F74/traffic.megaphone.fm/SCIM2172700344.mp3?updated=1704055311,red party lights,"AMA #14: 2023 Philanthropy, Evening Routine, Light Therapy, Health Metrics & More","Welcome to a special edition of the 14th Ask Me Anything (AMA) episode, part of Huberman Lab Premium.","Sun, 31 Dec 2023 20:45:00 -0000",1:05:10
256,https://www.podtrac.com/pts/redirect.mp3/pdst.fm/e/chrt.fm/track/3F7F74/traffic.megaphone.fm/SCIM2172700344.mp3?updated=1704055311,red light beds,"AMA #14: 2023 Philanthropy, Evening Routine, Light Therapy, Health Metrics & More","Welcome to a special edition of the 14th Ask Me Anything (AMA) episode, part of Huberman Lab Premium.","Sun, 31 Dec 2023 20:45:00 -0000",1:05:10
257,https://www.podtrac.com/pts/redirect.mp3/pdst.fm/e/chrt.fm/track/3F7F74/traffic.megaphone.fm/SCIM2172700344.mp3?updated=1704055311,portable red light,"AMA #14: 2023 Philanthropy, Evening Routine, Light Therapy, Health Metrics & More","Welcome to a special edition of the 14th Ask Me Anything (AMA) episode, part of Huberman Lab Premium.","Sun, 31 Dec 2023 20:45:00 -0000",1:05:10
259,https://www.podtrac.com/pts/redirect.mp3/pdst.fm/e/chrt.fm/track/3F7F74/traffic.megaphone.fm/SCIM2172700344.mp3?updated=1704055311,medical grade red light,"AMA #14: 2023 Philanthropy, Evening Routine, Light Therapy, Health Metrics & More","Welcome to a special edition of the 14th Ask Me Anything (AMA) episode, part of Huberman Lab Premium.","Sun, 31 Dec 2023 20:45:00 -0000",1:05:10
260,https://www.podtrac.com/pts/redirect.mp3/pdst.fm/e/chrt.fm/track/3F7F74/traffic.megaphone.fm/SCIM2172700344.mp3?updated=1704055311,blue light,"AMA #14: 2023 Philanthropy, Evening Routine, Light Therapy, Health Metrics & More","Welcome to a special edition of the 14th Ask Me Anything (AMA) episode, part of Huberman Lab Premium.","Sun, 31 Dec 2023 20:45:00 -0000",1:05:10
264,https://www.podtrac.com/pts/redirect.mp3/pdst.fm/e/chrt.fm/track/3F7F74/traffic.megaphone.fm/SCIM2172700344.mp3?updated=1704055311,Bright lights,"AMA #14: 2023 Philanthropy, Evening Routine, Light Therapy, Health Metrics & More","Welcome to a special edition of the 14th Ask Me Anything (AMA) episode, part of Huberman Lab Premium.","Sun, 31 Dec 2023 20:45:00 -0000",1:05:10
267,https://www.podtrac.com/pts/redirect.mp3/pdst.fm/e/chrt.fm/track/3F7F74/traffic.megaphone.fm/SCIM2172700344.mp3?updated=1704055311,artificial lights,"AMA #14: 2023 Philanthropy, Evening Routine, Light Therapy, Health Metrics & More","Welcome to a special edition of the 14th Ask Me Anything (AMA) episode, part of Huberman Lab Premium.","Sun, 31 Dec 2023 20:45:00 -0000",1:05:10
271,https://www.podtrac.com/pts/redirect.mp3/pdst.fm/e/chrt.fm/track/3F7F74/traffic.megaphone.fm/SCIM2172700344.mp3?updated=1704055311,bright artificial lights,"AMA #14: 2023 Philanthropy, Evening Routine, Light Therapy, Health Metrics & More","Welcome to a special edition of the 14th Ask Me Anything (AMA) episode, part of Huberman Lab Premium.","Sun, 31 Dec 2023 20:45:00 -0000",1:05:10
273,https://www.podtrac.com/pts/redirect.mp3/pdst.fm/e/chrt.fm/track/3F7F74/traffic.megaphone.fm/SCIM2172700344.mp3?updated=1704055311,overhead lights,"AMA #14: 2023 Philanthropy, Evening Routine, Light Therapy, Health Metrics & More","Welcome to a special edition of the 14th Ask Me Anything (AMA) episode, part of Huberman Lab Premium.","Sun, 31 Dec 2023 20:45:00 -0000",1:05:10
274,https://www.podtrac.com/pts/redirect.mp3/pdst.fm/e/chrt.fm/track/3F7F74/traffic.megaphone.fm/SCIM2172700344.mp3?updated=1704055311,infrared light,"AMA #14: 2023 Philanthropy, Evening Routine, Light Therapy, Health Metrics & More","Welcome to a special edition of the 14th Ask Me Anything (AMA) episode, part of Huberman Lab Premium.","Sun, 31 Dec 2023 20:45:00 -0000",1:05:10
275,https://www.podtrac.com/pts/redirect.mp3/pdst.fm/e/chrt.fm/track/3F7F74/traffic.megaphone.fm/SCIM2172700344.mp3?updated=1704055311,Christmas lights,"AMA #14: 2023 Philanthropy, Evening Routine, Light Therapy, Health Metrics & More","Welcome to a special edition of the 14th Ask Me Anything (AMA) episode, part of Huberman Lab Premium.","Sun, 31 Dec 2023 20:45:00 -0000",1:05:10
276,https://www.podtrac.com/pts/redirect.mp3/pdst.fm/e/chrt.fm/track/3F7F74/traffic.megaphone.fm/SCIM2172700344.mp3?updated=1704055311,limited morning light,"AMA #14: 2023 Philanthropy, Evening Routine, Light Therapy, Health Metrics & More","Welcome to a special edition of the 14th Ask Me Anything (AMA) episode, part of Huberman Lab Premium.","Sun, 31 Dec 2023 20:45:00 -0000",1:05:10
277,https://www.podtrac.com/pts/redirect.mp3/pdst.fm/e/chrt.fm/track/3F7F74/traffic.megaphone.fm/SCIM2172700344.mp3?updated=1704055311,standard fluorescent lights,"AMA #14: 2023 Philanthropy, Evening Routine, Light Therapy, Health Metrics & More","Welcome to a special edition of the 14th Ask Me Anything (AMA) episode, part of Huberman Lab Premium.","Sun, 31 Dec 2023 20:45:00 -0000",1:05:10
278,https://www.podtrac.com/pts/redirect.mp3/pdst.fm/e/chrt.fm/track/3F7F74/traffic.megaphone.fm/SCIM5595688842.mp3?updated=1703482122,different things,Rick Rubin: Protocols to Access Creative Energy and Process,"In this episode, my guest is Rick Rubin, world-renowned music producer of numerous award-winning artists, including Johnny Cash, Red Hot Chili Peppers, Beastie Boys, Adele, Eminem, Slayer, and many more.","Mon, 25 Dec 2023 09:00:00 -0000",2:28:08
283,https://www.podtrac.com/pts/redirect.mp3/pdst.fm/e/chrt.fm/track/3F7F74/traffic.megaphone.fm/SCIM5595688842.mp3?updated=1703482122,good things,Rick Rubin: Protocols to Access Creative Energy and Process,"In this episode, my guest is Rick Rubin, world-renowned music producer of numerous award-winning artists, including Johnny Cash, Red Hot Chili Peppers, Beastie Boys, Adele, Eminem, Slayer, and many more.","Mon, 25 Dec 2023 09:00:00 -0000",2:28:08
284,https://www.podtrac.com/pts/redirect.mp3/pdst.fm/e/chrt.fm/track/3F7F74/traffic.megaphone.fm/SCIM5595688842.mp3?updated=1703482122,different people,Rick Rubin: Protocols to Access Creative Energy and Process,"In this episode, my guest is Rick Rubin, world-renowned music producer of numerous award-winning artists, including Johnny Cash, Red Hot Chili Peppers, Beastie Boys, Adele, Eminem, Slayer, and many more.","Mon, 25 Dec 2023 09:00:00 -0000",2:28:08
286,https://www.podtrac.com/pts/redirect.mp3/pdst.fm/e/chrt.fm/track/3F7F74/traffic.megaphone.fm/SCIM5595688842.mp3?updated=1703482122,other people,Rick Rubin: Protocols to Access Creative Energy and Process,"In this episode, my guest is Rick Rubin, world-renowned music producer of numerous award-winning artists, including Johnny Cash, Red Hot Chili Peppers, Beastie Boys, Adele, Eminem, Slayer, and many more.","Mon, 25 Dec 2023 09:00:00 -0000",2:28:08
291,https://www.podtrac.com/pts/redirect.mp3/pdst.fm/e/chrt.fm/track/3F7F74/traffic.megaphone.fm/SCIM5595688842.mp3?updated=1703482122,many people,Rick Rubin: Protocols to Access Creative Energy and Process,"In this episode, my guest is Rick Rubin, world-renowned music producer of numerous award-winning artists, including Johnny Cash, Red Hot Chili Peppers, Beastie Boys, Adele, Eminem, Slayer, and many more.","Mon, 25 Dec 2023 09:00:00 -0000",2:28:08
295,https://www.podtrac.com/pts/redirect.mp3/pdst.fm/e/chrt.fm/track/3F7F74/traffic.megaphone.fm/SCIM5595688842.mp3?updated=1703482122,real things,Rick Rubin: Protocols to Access Creative Energy and Process,"In this episode, my guest is Rick Rubin, world-renowned music producer of numerous award-winning artists, including Johnny Cash, Red Hot Chili Peppers, Beastie Boys, Adele, Eminem, Slayer, and many more.","Mon, 25 Dec 2023 09:00:00 -0000",2:28:08
296,https://www.podtrac.com/pts/redirect.mp3/pdst.fm/e/chrt.fm/track/3F7F74/traffic.megaphone.fm/SCIM5595688842.mp3?updated=1703482122,enough things,Rick Rubin: Protocols to Access Creative Energy and Process,"In this episode, my guest is Rick Rubin, world-renowned music producer of numerous award-winning artists, including Johnny Cash, Red Hot Chili Peppers, Beastie Boys, Adele, Eminem, Slayer, and many more.","Mon, 25 Dec 2023 09:00:00 -0000",2:28:08
297,https://www.podtrac.com/pts/redirect.mp3/pdst.fm/e/chrt.fm/track/3F7F74/traffic.megaphone.fm/SCIM5595688842.mp3?updated=1703482122,certain things,Rick Rubin: Protocols to Access Creative Energy and Process,"In this episode, my guest is Rick Rubin, world-renowned music producer of numerous award-winning artists, including Johnny Cash, Red Hot Chili Peppers, Beastie Boys, Adele, Eminem, Slayer, and many more.","Mon, 25 Dec 2023 09:00:00 -0000",2:28:08
299,https://www.podtrac.com/pts/redirect.mp3/pdst.fm/e/chrt.fm/track/3F7F74/traffic.megaphone.fm/SCIM5595688842.mp3?updated=1703482122,terrible things,Rick Rubin: Protocols to Access Creative Energy and Process,"In this episode, my guest is Rick Rubin, world-renowned music producer of numerous award-winning artists, including Johnny Cash, Red Hot Chili Peppers, Beastie Boys, Adele, Eminem, Slayer, and many more.","Mon, 25 Dec 2023 09:00:00 -0000",2:28:08
300,https://www.podtrac.com/pts/redirect.mp3/pdst.fm/e/chrt.fm/track/3F7F74/traffic.megaphone.fm/SCIM5595688842.mp3?updated=1703482122,troubling things,Rick Rubin: Protocols to Access Creative Energy and Process,"In this episode, my guest is Rick Rubin, world-renowned music producer of numerous award-winning artists, including Johnny Cash, Red Hot Chili Peppers, Beastie Boys, Adele, Eminem, Slayer, and many more.","Mon, 25 Dec 2023 09:00:00 -0000",2:28:08
301,https://www.podtrac.com/pts/redirect.mp3/pdst.fm/e/chrt.fm/track/3F7F74/traffic.megaphone.fm/SCIM5595688842.mp3?updated=1703482122,extreme things,Rick Rubin: Protocols to Access Creative Energy and Process,"In this episode, my guest is Rick Rubin, world-renowned music producer of numerous award-winning artists, including Johnny Cash, Red Hot Chili Peppers, Beastie Boys, Adele, Eminem, Slayer, and many more.","Mon, 25 Dec 2023 09:00:00 -0000",2:28:08
302,https://www.podtrac.com/pts/redirect.mp3/pdst.fm/e/chrt.fm/track/3F7F74/traffic.megaphone.fm/SCIM5595688842.mp3?updated=1703482122,wacky things,Rick Rubin: Protocols to Access Creative Energy and Process,"In this episode, my guest is Rick Rubin, world-renowned music producer of numerous award-winning artists, including Johnny Cash, Red Hot Chili Peppers, Beastie Boys, Adele, Eminem, Slayer, and many more.","Mon, 25 Dec 2023 09:00:00 -0000",2:28:08
303,https://www.podtrac.com/pts/redirect.mp3/pdst.fm/e/chrt.fm/track/3F7F74/traffic.megaphone.fm/SCIM5595688842.mp3?updated=1703482122,most people,Rick Rubin: Protocols to Access Creative Energy and Process,"In this episode, my guest is Rick Rubin, world-renowned music producer of numerous award-winning artists, including Johnny Cash, Red Hot Chili Peppers, Beastie Boys, Adele, Eminem, Slayer, and many more.","Mon, 25 Dec 2023 09:00:00 -0000",2:28:08
306,https://www.podtrac.com/pts/redirect.mp3/pdst.fm/e/chrt.fm/track/3F7F74/traffic.megaphone.fm/SCIM5595688842.mp3?updated=1703482122,Great podcast,Rick Rubin: Protocols to Access Creative Energy and Process,"In this episode, my guest is Rick Rubin, world-renowned music producer of numerous award-winning artists, including Johnny Cash, Red Hot Chili Peppers, Beastie Boys, Adele, Eminem, Slayer, and many more.","Mon, 25 Dec 2023 09:00:00 -0000",2:28:08
307,https://www.podtrac.com/pts/redirect.mp3/pdst.fm/e/chrt.fm/track/3F7F74/traffic.megaphone.fm/SCIM5595688842.mp3?updated=1703482122,Time,Rick Rubin: Protocols to Access Creative Energy and Process,"In this episode, my guest is Rick Rubin, world-renowned music producer of numerous award-winning artists, including Johnny Cash, Red Hot Chili Peppers, Beastie Boys, Adele, Eminem, Slayer, and many more.","Mon, 25 Dec 2023 09:00:00 -0000",2:28:08
389,https://www.podtrac.com/pts/redirect.mp3/pdst.fm/e/chrt.fm/track/3F7F74/traffic.megaphone.fm/SCIM8370229386.mp3?updated=1702429155,many people,"LIVE EVENT Q&A: Dr. Andrew Huberman Question & Answer in Chicago, IL","Recently I had the pleasure of hosting a live event in Chicago, IL. This event was part of a lecture series called The Brain Body Contract.","Wed, 13 Dec 2023 09:00:00 -0000",0:54:43
392,https://www.podtrac.com/pts/redirect.mp3/pdst.fm/e/chrt.fm/track/3F7F74/traffic.megaphone.fm/SCIM8370229386.mp3?updated=1702429155,certain things,"LIVE EVENT Q&A: Dr. Andrew Huberman Question & Answer in Chicago, IL","Recently I had the pleasure of hosting a live event in Chicago, IL. This event was part of a lecture series called The Brain Body Contract.","Wed, 13 Dec 2023 09:00:00 -0000",0:54:43
394,https://www.podtrac.com/pts/redirect.mp3/pdst.fm/e/chrt.fm/track/3F7F74/traffic.megaphone.fm/SCIM8370229386.mp3?updated=1702429155,other people,"LIVE EVENT Q&A: Dr. Andrew Huberman Question & Answer in Chicago, IL","Recently I had the pleasure of hosting a live event in Chicago, IL. This event was part of a lecture series called The Brain Body Contract.","Wed, 13 Dec 2023 09:00:00 -0000",0:54:43
397,https://www.podtrac.com/pts/redirect.mp3/pdst.fm/e/chrt.fm/track/3F7F74/traffic.megaphone.fm/SCIM8370229386.mp3?updated=1702429155,non sleep,"LIVE EVENT Q&A: Dr. Andrew Huberman Question & Answer in Chicago, IL","Recently I had the pleasure of hosting a live event in Chicago, IL. This event was part of a lecture series called The Brain Body Contract.","Wed, 13 Dec 2023 09:00:00 -0000",0:54:43
402,https://www.podtrac.com/pts/redirect.mp3/pdst.fm/e/chrt.fm/track/3F7F74/traffic.megaphone.fm/SCIM8370229386.mp3?updated=1702429155,sleep state,"LIVE EVENT Q&A: Dr. Andrew Huberman Question & Answer in Chicago, IL","Recently I had the pleasure of hosting a live event in Chicago, IL. This event was part of a lecture series called The Brain Body Contract.","Wed, 13 Dec 2023 09:00:00 -0000",0:54:43
403,https://www.podtrac.com/pts/redirect.mp3/pdst.fm/e/chrt.fm/track/3F7F74/traffic.megaphone.fm/SCIM8370229386.mp3?updated=1702429155,non sleep deep rest,"LIVE EVENT Q&A: Dr. Andrew Huberman Question & Answer in Chicago, IL","Recently I had the pleasure of hosting a live event in Chicago, IL. This event was part of a lecture series called The Brain Body Contract.","Wed, 13 Dec 2023 09:00:00 -0000",0:54:43
408,https://www.podtrac.com/pts/redirect.mp3/pdst.fm/e/chrt.fm/track/3F7F74/traffic.megaphone.fm/SCIM8370229386.mp3?updated=1702429155,certain people,"LIVE EVENT Q&A: Dr. Andrew Huberman Question & Answer in Chicago, IL","Recently I had the pleasure of hosting a live event in Chicago, IL. This event was part of a lecture series called The Brain Body Contract.","Wed, 13 Dec 2023 09:00:00 -0000",0:54:43
409,https://www.podtrac.com/pts/redirect.mp3/pdst.fm/e/chrt.fm/track/3F7F74/traffic.megaphone.fm/SCIM8370229386.mp3?updated=1702429155,deep sleep,"LIVE EVENT Q&A: Dr. Andrew Huberman Question & Answer in Chicago, IL","Recently I had the pleasure of hosting a live event in Chicago, IL. This event was part of a lecture series called The Brain Body Contract.","Wed, 13 Dec 2023 09:00:00 -0000",0:54:43
410,https://www.podtrac.com/pts/redirect.mp3/pdst.fm/e/chrt.fm/track/3F7F74/traffic.megaphone.fm/SCIM8370229386.mp3?updated=1702429155,enough people,"LIVE EVENT Q&A: Dr. Andrew Huberman Question & Answer in Chicago, IL","Recently I had the pleasure of hosting a live event in Chicago, IL. This event was part of a lecture series called The Brain Body Contract.","Wed, 13 Dec 2023 09:00:00 -0000",0:54:43
411,https://www.podtrac.com/pts/redirect.mp3/pdst.fm/e/chrt.fm/track/3F7F74/traffic.megaphone.fm/SCIM8370229386.mp3?updated=1702429155,top carding things,"LIVE EVENT Q&A: Dr. Andrew Huberman Question & Answer in Chicago, IL","Recently I had the pleasure of hosting a live event in Chicago, IL. This event was part of a lecture series called The Brain Body Contract.","Wed, 13 Dec 2023 09:00:00 -0000",0:54:43
412,https://www.podtrac.com/pts/redirect.mp3/pdst.fm/e/chrt.fm/track/3F7F74/traffic.megaphone.fm/SCIM8370229386.mp3?updated=1702429155,less sleep,"LIVE EVENT Q&A: Dr. Andrew Huberman Question & Answer in Chicago, IL","Recently I had the pleasure of hosting a live event in Chicago, IL. This event was part of a lecture series called The Brain Body Contract.","Wed, 13 Dec 2023 09:00:00 -0000",0:54:43
413,https://www.podtrac.com/pts/redirect.mp3/pdst.fm/e/chrt.fm/track/3F7F74/traffic.megaphone.fm/SCIM8370229386.mp3?updated=1702429155,enough sleep,"LIVE EVENT Q&A: Dr. Andrew Huberman Question & Answer in Chicago, IL","Recently I had the pleasure of hosting a live event in Chicago, IL. This event was part of a lecture series called The Brain Body Contract.","Wed, 13 Dec 2023 09:00:00 -0000",0:54:43
414,https://www.podtrac.com/pts/redirect.mp3/pdst.fm/e/chrt.fm/track/3F7F74/traffic.megaphone.fm/SCIM8370229386.mp3?updated=1702429155,brain states,"LIVE EVENT Q&A: Dr. Andrew Huberman Question & Answer in Chicago, IL","Recently I had the pleasure of hosting a live event in Chicago, IL. This event was part of a lecture series called The Brain Body Contract.","Wed, 13 Dec 2023 09:00:00 -0000",0:54:43
415,https://www.podtrac.com/pts/redirect.mp3/pdst.fm/e/chrt.fm/track/3F7F74/traffic.megaphone.fm/SCIM8370229386.mp3?updated=1702429155,slow wave sleep,"LIVE EVENT Q&A: Dr. Andrew Huberman Question & Answer in Chicago, IL","Recently I had the pleasure of hosting a live event in Chicago, IL. This event was part of a lecture series called The Brain Body Contract.","Wed, 13 Dec 2023 09:00:00 -0000",0:54:43
416,https://www.podtrac.com/pts/redirect.mp3/pdst.fm/e/chrt.fm/track/3F7F74/traffic.megaphone.fm/SCIM8370229386.mp3?updated=1702429155,non protein amino acids,"LIVE EVENT Q&A: Dr. Andrew Huberman Question & Answer in Chicago, IL","Recently I had the pleasure of hosting a live event in Chicago, IL. This event was part of a lecture series called The Brain Body Contract.","Wed, 13 Dec 2023 09:00:00 -0000",0:54:43
423,https://www.podtrac.com/pts/redirect.mp3/pdst.fm/e/chrt.fm/track/3F7F74/traffic.megaphone.fm/SCIM6504027968.mp3?updated=1705443849,big food,How Sugar & Processed Foods Impact Your Health,"In this episode, my guest is Dr. Robert Lustig, M.D., neuroendocrinologist, professor of pediatrics at the University of California, San Francisco (UCSF), and a bestselling author on nutrition and metabolic health.","Mon, 18 Dec 2023 09:00:00 -0000",3:29:20
427,https://www.podtrac.com/pts/redirect.mp3/pdst.fm/e/chrt.fm/track/3F7F74/traffic.megaphone.fm/SCIM6504027968.mp3?updated=1705443849,other foods,How Sugar & Processed Foods Impact Your Health,"In this episode, my guest is Dr. Robert Lustig, M.D., neuroendocrinologist, professor of pediatrics at the University of California, San Francisco (UCSF), and a bestselling author on nutrition and metabolic health.","Mon, 18 Dec 2023 09:00:00 -0000",3:29:20
428,https://www.podtrac.com/pts/redirect.mp3/pdst.fm/e/chrt.fm/track/3F7F74/traffic.megaphone.fm/SCIM6504027968.mp3?updated=1705443849,processed foods,How Sugar & Processed Foods Impact Your Health,"In this episode, my guest is Dr. Robert Lustig, M.D., neuroendocrinologist, professor of pediatrics at the University of California, San Francisco (UCSF), and a bestselling author on nutrition and metabolic health.","Mon, 18 Dec 2023 09:00:00 -0000",3:29:20
429,https://www.podtrac.com/pts/redirect.mp3/pdst.fm/e/chrt.fm/track/3F7F74/traffic.megaphone.fm/SCIM6504027968.mp3?updated=1705443849,healthier foods,How Sugar & Processed Foods Impact Your Health,"In this episode, my guest is Dr. Robert Lustig, M.D., neuroendocrinologist, professor of pediatrics at the University of California, San Francisco (UCSF), and a bestselling author on nutrition and metabolic health.","Mon, 18 Dec 2023 09:00:00 -0000",3:29:20
430,https://www.podtrac.com/pts/redirect.mp3/pdst.fm/e/chrt.fm/track/3F7F74/traffic.megaphone.fm/SCIM6504027968.mp3?updated=1705443849,food science,How Sugar & Processed Foods Impact Your Health,"In this episode, my guest is Dr. Robert Lustig, M.D., neuroendocrinologist, professor of pediatrics at the University of California, San Francisco (UCSF), and a bestselling author on nutrition and metabolic health.","Mon, 18 Dec 2023 09:00:00 -0000",3:29:20
433,https://www.podtrac.com/pts/redirect.mp3/pdst.fm/e/chrt.fm/track/3F7F74/traffic.megaphone.fm/SCIM6504027968.mp3?updated=1705443849,whole foods,How Sugar & Processed Foods Impact Your Health,"In this episode, my guest is Dr. Robert Lustig, M.D., neuroendocrinologist, professor of pediatrics at the University of California, San Francisco (UCSF), and a bestselling author on nutrition and metabolic health.","Mon, 18 Dec 2023 09:00:00 -0000",3:29:20
434,https://www.podtrac.com/pts/redirect.mp3/pdst.fm/e/chrt.fm/track/3F7F74/traffic.megaphone.fm/SCIM6504027968.mp3?updated=1705443849,great food,How Sugar & Processed Foods Impact Your Health,"In this episode, my guest is Dr. Robert Lustig, M.D., neuroendocrinologist, professor of pediatrics at the University of California, San Francisco (UCSF), and a bestselling author on nutrition and metabolic health.","Mon, 18 Dec 2023 09:00:00 -0000",3:29:20
435,https://www.podtrac.com/pts/redirect.mp3/pdst.fm/e/chrt.fm/track/3F7F74/traffic.megaphone.fm/SCIM6504027968.mp3?updated=1705443849,food choices,How Sugar & Processed Foods Impact Your Health,"In this episode, my guest is Dr. Robert Lustig, M.D., neuroendocrinologist, professor of pediatrics at the University of California, San Francisco (UCSF), and a bestselling author on nutrition and metabolic health.","Mon, 18 Dec 2023 09:00:00 -0000",3:29:20
437,https://www.podtrac.com/pts/redirect.mp3/pdst.fm/e/chrt.fm/track/3F7F74/traffic.megaphone.fm/SCIM6504027968.mp3?updated=1705443849,food intake,How Sugar & Processed Foods Impact Your Health,"In this episode, my guest is Dr. Robert Lustig, M.D., neuroendocrinologist, professor of pediatrics at the University of California, San Francisco (UCSF), and a bestselling author on nutrition and metabolic health.","Mon, 18 Dec 2023 09:00:00 -0000",3:29:20
439,https://www.podtrac.com/pts/redirect.mp3/pdst.fm/e/chrt.fm/track/3F7F74/traffic.megaphone.fm/SCIM6504027968.mp3?updated=1705443849,junk food,How Sugar & Processed Foods Impact Your Health,"In this episode, my guest is Dr. Robert Lustig, M.D., neuroendocrinologist, professor of pediatrics at the University of California, San Francisco (UCSF), and a bestselling author on nutrition and metabolic health.","Mon, 18 Dec 2023 09:00:00 -0000",3:29:20
441,https://www.podtrac.com/pts/redirect.mp3/pdst.fm/e/chrt.fm/track/3F7F74/traffic.megaphone.fm/SCIM6504027968.mp3?updated=1705443849,food addiction,How Sugar & Processed Foods Impact Your Health,"In this episode, my guest is Dr. Robert Lustig, M.D., neuroendocrinologist, professor of pediatrics at the University of California, San Francisco (UCSF), and a bestselling author on nutrition and metabolic health.","Mon, 18 Dec 2023 09:00:00 -0000",3:29:20
442,https://www.podtrac.com/pts/redirect.mp3/pdst.fm/e/chrt.fm/track/3F7F74/traffic.megaphone.fm/SCIM6504027968.mp3?updated=1705443849,real food,How Sugar & Processed Foods Impact Your Health,"In this episode, my guest is Dr. Robert Lustig, M.D., neuroendocrinologist, professor of pediatrics at the University of California, San Francisco (UCSF), and a bestselling author on nutrition and metabolic health.","Mon, 18 Dec 2023 09:00:00 -0000",3:29:20
446,https://www.podtrac.com/pts/redirect.mp3/pdst.fm/e/chrt.fm/track/3F7F74/traffic.megaphone.fm/SCIM6504027968.mp3?updated=1705443849,Fast food,How Sugar & Processed Foods Impact Your Health,"In this episode, my guest is Dr. Robert Lustig, M.D., neuroendocrinologist, professor of pediatrics at the University of California, San Francisco (UCSF), and a bestselling author on nutrition and metabolic health.","Mon, 18 Dec 2023 09:00:00 -0000",3:29:20
452,https://www.podtrac.com/pts/redirect.mp3/pdst.fm/e/chrt.fm/track/3F7F74/traffic.megaphone.fm/SCIM6504027968.mp3?updated=1705443849,food processing,How Sugar & Processed Foods Impact Your Health,"In this episode, my guest is Dr. Robert Lustig, M.D., neuroendocrinologist, professor of pediatrics at the University of California, San Francisco (UCSF), and a bestselling author on nutrition and metabolic health.","Mon, 18 Dec 2023 09:00:00 -0000",3:29:20
453,https://www.podtrac.com/pts/redirect.mp3/pdst.fm/e/chrt.fm/track/3F7F74/traffic.megaphone.fm/SCIM6504027968.mp3?updated=1705443849,Food combinations,How Sugar & Processed Foods Impact Your Health,"In this episode, my guest is Dr. Robert Lustig, M.D., neuroendocrinologist, professor of pediatrics at the University of California, San Francisco (UCSF), and a bestselling author on nutrition and metabolic health.","Mon, 18 Dec 2023 09:00:00 -0000",3:29:20
457,https://www.podtrac.com/pts/redirect.mp3/pdst.fm/e/chrt.fm/track/3F7F74/traffic.megaphone.fm/SCIM9183043757.mp3?updated=1705894365,night light exposure,Journal Club with Dr. Peter Attia | Effects of Light & Dark on Mental Health & Treatments for Cancer,"In this journal club episode, my guest is Dr. Peter Attia, M.D., a Stanford and Johns Hopkins-trained physician focusing on healthspan and lifespan and the host of The Drive podcast.","Mon, 22 Jan 2024 09:00:00 -0000",3:08:31
460,https://www.podtrac.com/pts/redirect.mp3/pdst.fm/e/chrt.fm/track/3F7F74/traffic.megaphone.fm/SCIM9183043757.mp3?updated=1705894365,more nighttime light exposure,Journal Club with Dr. Peter Attia | Effects of Light & Dark on Mental Health & Treatments for Cancer,"In this journal club episode, my guest is Dr. Peter Attia, M.D., a Stanford and Johns Hopkins-trained physician focusing on healthspan and lifespan and the host of The Drive podcast.","Mon, 22 Jan 2024 09:00:00 -0000",3:08:31
462,https://www.podtrac.com/pts/redirect.mp3/pdst.fm/e/chrt.fm/track/3F7F74/traffic.megaphone.fm/SCIM9183043757.mp3?updated=1705894365,more daytime light exposure,Journal Club with Dr. Peter Attia | Effects of Light & Dark on Mental Health & Treatments for Cancer,"In this journal club episode, my guest is Dr. Peter Attia, M.D., a Stanford and Johns Hopkins-trained physician focusing on healthspan and lifespan and the host of The Drive podcast.","Mon, 22 Jan 2024 09:00:00 -0000",3:08:31
464,https://www.podtrac.com/pts/redirect.mp3/pdst.fm/e/chrt.fm/track/3F7F74/traffic.megaphone.fm/SCIM9183043757.mp3?updated=1705894365,lowest light exposure,Journal Club with Dr. Peter Attia | Effects of Light & Dark on Mental Health & Treatments for Cancer,"In this journal club episode, my guest is Dr. Peter Attia, M.D., a Stanford and Johns Hopkins-trained physician focusing on healthspan and lifespan and the host of The Drive podcast.","Mon, 22 Jan 2024 09:00:00 -0000",3:08:31
465,https://www.podtrac.com/pts/redirect.mp3/pdst.fm/e/chrt.fm/track/3F7F74/traffic.megaphone.fm/SCIM9183043757.mp3?updated=1705894365,light exposure,Journal Club with Dr. Peter Attia | Effects of Light & Dark on Mental Health & Treatments for Cancer,"In this journal club episode, my guest is Dr. Peter Attia, M.D., a Stanford and Johns Hopkins-trained physician focusing on healthspan and lifespan and the host of The Drive podcast.","Mon, 22 Jan 2024 09:00:00 -0000",3:08:31
539,https://www.podtrac.com/pts/redirect.mp3/pdst.fm/e/chrt.fm/track/3F7F74/traffic.megaphone.fm/SCIM9183043757.mp3?updated=1705894365,bright light exposure,Journal Club with Dr. Peter Attia | Effects of Light & Dark on Mental Health & Treatments for Cancer,"In this journal club episode, my guest is Dr. Peter Attia, M.D., a Stanford and Johns Hopkins-trained physician focusing on healthspan and lifespan and the host of The Drive podcast.","Mon, 22 Jan 2024 09:00:00 -0000",3:08:31
542,https://www.podtrac.com/pts/redirect.mp3/pdst.fm/e/chrt.fm/track/3F7F74/traffic.megaphone.fm/SCIM9183043757.mp3?updated=1705894365,greater light exposure,Journal Club with Dr. Peter Attia | Effects of Light & Dark on Mental Health & Treatments for Cancer,"In this journal club episode, my guest is Dr. Peter Attia, M.D., a Stanford and Johns Hopkins-trained physician focusing on healthspan and lifespan and the host of The Drive podcast.","Mon, 22 Jan 2024 09:00:00 -0000",3:08:31
544,https://www.podtrac.com/pts/redirect.mp3/pdst.fm/e/chrt.fm/track/3F7F74/traffic.megaphone.fm/SCIM9183043757.mp3?updated=1705894365,daytime light exposure,Journal Club with Dr. Peter Attia | Effects of Light & Dark on Mental Health & Treatments for Cancer,"In this journal club episode, my guest is Dr. Peter Attia, M.D., a Stanford and Johns Hopkins-trained physician focusing on healthspan and lifespan and the host of The Drive podcast.","Mon, 22 Jan 2024 09:00:00 -0000",3:08:31
552,https://www.podtrac.com/pts/redirect.mp3/pdst.fm/e/chrt.fm/track/3F7F74/traffic.megaphone.fm/SCIM9183043757.mp3?updated=1705894365,highest light exposure,Journal Club with Dr. Peter Attia | Effects of Light & Dark on Mental Health & Treatments for Cancer,"In this journal club episode, my guest is Dr. Peter Attia, M.D., a Stanford and Johns Hopkins-trained physician focusing on healthspan and lifespan and the host of The Drive podcast.","Mon, 22 Jan 2024 09:00:00 -0000",3:08:31
553,https://www.podtrac.com/pts/redirect.mp3/pdst.fm/e/chrt.fm/track/3F7F74/traffic.megaphone.fm/SCIM9183043757.mp3?updated=1705894365,nighttime light exposure,Journal Club with Dr. Peter Attia | Effects of Light & Dark on Mental Health & Treatments for Cancer,"In this journal club episode, my guest is Dr. Peter Attia, M.D., a Stanford and Johns Hopkins-trained physician focusing on healthspan and lifespan and the host of The Drive podcast.","Mon, 22 Jan 2024 09:00:00 -0000",3:08:31
578,https://www.podtrac.com/pts/redirect.mp3/pdst.fm/e/chrt.fm/track/3F7F74/traffic.megaphone.fm/SCIM9183043757.mp3?updated=1705894365,increasing light exposure,Journal Club with Dr. Peter Attia | Effects of Light & Dark on Mental Health & Treatments for Cancer,"In this journal club episode, my guest is Dr. Peter Attia, M.D., a Stanford and Johns Hopkins-trained physician focusing on healthspan and lifespan and the host of The Drive podcast.","Mon, 22 Jan 2024 09:00:00 -0000",3:08:31
580,https://www.podtrac.com/pts/redirect.mp3/pdst.fm/e/chrt.fm/track/3F7F74/traffic.megaphone.fm/SCIM9183043757.mp3?updated=1705894365,cancer cells,Journal Club with Dr. Peter Attia | Effects of Light & Dark on Mental Health & Treatments for Cancer,"In this journal club episode, my guest is Dr. Peter Attia, M.D., a Stanford and Johns Hopkins-trained physician focusing on healthspan and lifespan and the host of The Drive podcast.","Mon, 22 Jan 2024 09:00:00 -0000",3:08:31
583,https://www.podtrac.com/pts/redirect.mp3/pdst.fm/e/chrt.fm/track/3F7F74/traffic.megaphone.fm/SCIM9183043757.mp3?updated=1705894365,light exposure behavior,Journal Club with Dr. Peter Attia | Effects of Light & Dark on Mental Health & Treatments for Cancer,"In this journal club episode, my guest is Dr. Peter Attia, M.D., a Stanford and Johns Hopkins-trained physician focusing on healthspan and lifespan and the host of The Drive podcast.","Mon, 22 Jan 2024 09:00:00 -0000",3:08:31
584,https://www.podtrac.com/pts/redirect.mp3/pdst.fm/e/chrt.fm/track/3F7F74/traffic.megaphone.fm/SCIM9183043757.mp3?updated=1705894365,artificial light exposure,Journal Club with Dr. Peter Attia | Effects of Light & Dark on Mental Health & Treatments for Cancer,"In this journal club episode, my guest is Dr. Peter Attia, M.D., a Stanford and Johns Hopkins-trained physician focusing on healthspan and lifespan and the host of The Drive podcast.","Mon, 22 Jan 2024 09:00:00 -0000",3:08:31
587,https://www.podtrac.com/pts/redirect.mp3/pdst.fm/e/chrt.fm/track/3F7F74/traffic.megaphone.fm/SCIM9183043757.mp3?updated=1705894365,more light,Journal Club with Dr. Peter Attia | Effects of Light & Dark on Mental Health & Treatments for Cancer,"In this journal club episode, my guest is Dr. Peter Attia, M.D., a Stanford and Johns Hopkins-trained physician focusing on healthspan and lifespan and the host of The Drive podcast.","Mon, 22 Jan 2024 09:00:00 -0000",3:08:31
589,https://www.podtrac.com/pts/redirect.mp3/pdst.fm/e/chrt.fm/track/3F7F74/traffic.megaphone.fm/SCIM6817932732.mp3?updated=1704692159,flu virus,How to Prevent & Treat Colds & Flu,"In this episode, I explain the biology of the common cold and flu (influenza) and how the immune system combats these infections.","Mon, 08 Jan 2024 09:00:00 -0000",2:05:48
650,https://www.podtrac.com/pts/redirect.mp3/pdst.fm/e/chrt.fm/track/3F7F74/traffic.megaphone.fm/SCIM6817932732.mp3?updated=1704692159,cold viruses,How to Prevent & Treat Colds & Flu,"In this episode, I explain the biology of the common cold and flu (influenza) and how the immune system combats these infections.","Mon, 08 Jan 2024 09:00:00 -0000",2:05:48
654,https://www.podtrac.com/pts/redirect.mp3/pdst.fm/e/chrt.fm/track/3F7F74/traffic.megaphone.fm/SCIM6817932732.mp3?updated=1704692159,different flu virus strains,How to Prevent & Treat Colds & Flu,"In this episode, I explain the biology of the common cold and flu (influenza) and how the immune system combats these infections.","Mon, 08 Jan 2024 09:00:00 -0000",2:05:48
655,https://www.podtrac.com/pts/redirect.mp3/pdst.fm/e/chrt.fm/track/3F7F74/traffic.megaphone.fm/SCIM6817932732.mp3?updated=1704692159,colder flu,How to Prevent & Treat Colds & Flu,"In this episode, I explain the biology of the common cold and flu (influenza) and how the immune system combats these infections.","Mon, 08 Jan 2024 09:00:00 -0000",2:05:48
693,https://www.podtrac.com/pts/redirect.mp3/pdst.fm/e/chrt.fm/track/3F7F74/traffic.megaphone.fm/SCIM6817932732.mp3?updated=1704692159,viruses colds,How to Prevent & Treat Colds & Flu,"In this episode, I explain the biology of the common cold and flu (influenza) and how the immune system combats these infections.","Mon, 08 Jan 2024 09:00:00 -0000",2:05:48
694,https://www.podtrac.com/pts/redirect.mp3/pdst.fm/e/chrt.fm/track/3F7F74/traffic.megaphone.fm/SCIM6817932732.mp3?updated=1704692159,immune system function,How to Prevent & Treat Colds & Flu,"In this episode, I explain the biology of the common cold and flu (influenza) and how the immune system combats these infections.","Mon, 08 Jan 2024 09:00:00 -0000",2:05:48
701,https://www.podtrac.com/pts/redirect.mp3/pdst.fm/e/chrt.fm/track/3F7F74/traffic.megaphone.fm/SCIM6817932732.mp3?updated=1704692159,flu virus biology,How to Prevent & Treat Colds & Flu,"In this episode, I explain the biology of the common cold and flu (influenza) and how the immune system combats these infections.","Mon, 08 Jan 2024 09:00:00 -0000",2:05:48
702,https://www.podtrac.com/pts/redirect.mp3/pdst.fm/e/chrt.fm/track/3F7F74/traffic.megaphone.fm/SCIM6817932732.mp3?updated=1704692159,innate immune system,How to Prevent & Treat Colds & Flu,"In this episode, I explain the biology of the common cold and flu (influenza) and how the immune system combats these infections.","Mon, 08 Jan 2024 09:00:00 -0000",2:05:48
772,https://www.podtrac.com/pts/redirect.mp3/pdst.fm/e/chrt.fm/track/3F7F74/traffic.megaphone.fm/SCIM6817932732.mp3?updated=1704692159,urinate immune system,How to Prevent & Treat Colds & Flu,"In this episode, I explain the biology of the common cold and flu (influenza) and how the immune system combats these infections.","Mon, 08 Jan 2024 09:00:00 -0000",2:05:48
773,https://www.podtrac.com/pts/redirect.mp3/pdst.fm/e/chrt.fm/track/3F7F74/traffic.megaphone.fm/SCIM6817932732.mp3?updated=1704692159,improved immune system function,How to Prevent & Treat Colds & Flu,"In this episode, I explain the biology of the common cold and flu (influenza) and how the immune system combats these infections.","Mon, 08 Jan 2024 09:00:00 -0000",2:05:48
774,https://www.podtrac.com/pts/redirect.mp3/pdst.fm/e/chrt.fm/track/3F7F74/traffic.megaphone.fm/SCIM6817932732.mp3?updated=1704692159,Cold virus vector,How to Prevent & Treat Colds & Flu,"In this episode, I explain the biology of the common cold and flu (influenza) and how the immune system combats these infections.","Mon, 08 Jan 2024 09:00:00 -0000",2:05:48
775,https://www.podtrac.com/pts/redirect.mp3/pdst.fm/e/chrt.fm/track/3F7F74/traffic.megaphone.fm/SCIM6817932732.mp3?updated=1704692159,healthy immune system function,How to Prevent & Treat Colds & Flu,"In this episode, I explain the biology of the common cold and flu (influenza) and how the immune system combats these infections.","Mon, 08 Jan 2024 09:00:00 -0000",2:05:48
777,https://www.podtrac.com/pts/redirect.mp3/pdst.fm/e/chrt.fm/track/3F7F74/traffic.megaphone.fm/SCIM6817932732.mp3?updated=1704692159,different viruses,How to Prevent & Treat Colds & Flu,"In this episode, I explain the biology of the common cold and flu (influenza) and how the immune system combats these infections.","Mon, 08 Jan 2024 09:00:00 -0000",2:05:48
779,https://www.podtrac.com/pts/redirect.mp3/pdst.fm/e/chrt.fm/track/3F7F74/traffic.megaphone.fm/SCIM6817932732.mp3?updated=1704692159,immune cells,How to Prevent & Treat Colds & Flu,"In this episode, I explain the biology of the common cold and flu (influenza) and how the immune system combats these infections.","Mon, 08 Jan 2024 09:00:00 -0000",2:05:48
780,https://www.podtrac.com/pts/redirect.mp3/pdst.fm/e/chrt.fm/track/3F7F74/traffic.megaphone.fm/SCIM6817932732.mp3?updated=1704692159,innate immune response,How to Prevent & Treat Colds & Flu,"In this episode, I explain the biology of the common cold and flu (influenza) and how the immune system combats these infections.","Mon, 08 Jan 2024 09:00:00 -0000",2:05:48
784,https://www.podtrac.com/pts/redirect.mp3/pdst.fm/e/chrt.fm/track/3F7F74/traffic.megaphone.fm/SCIM5460291325.mp3?updated=1702331987,autism vasopressin,Dr. Karen Parker: The Causes & Treatments for Autism,"In this episode, my guest is Dr. Karen Parker, Ph.D., professor of psychiatry and director of the Social Neurosciences Research Program at Stanford University School of Medicine.","Mon, 11 Dec 2023 09:00:00 -0000",2:56:27
785,https://www.podtrac.com/pts/redirect.mp3/pdst.fm/e/chrt.fm/track/3F7F74/traffic.megaphone.fm/SCIM5460291325.mp3?updated=1702331987,other people,Dr. Karen Parker: The Causes & Treatments for Autism,"In this episode, my guest is Dr. Karen Parker, Ph.D., professor of psychiatry and director of the Social Neurosciences Research Program at Stanford University School of Medicine.","Mon, 11 Dec 2023 09:00:00 -0000",2:56:27
790,https://www.podtrac.com/pts/redirect.mp3/pdst.fm/e/chrt.fm/track/3F7F74/traffic.megaphone.fm/SCIM5460291325.mp3?updated=1702331987,many other people,Dr. Karen Parker: The Causes & Treatments for Autism,"In this episode, my guest is Dr. Karen Parker, Ph.D., professor of psychiatry and director of the Social Neurosciences Research Program at Stanford University School of Medicine.","Mon, 11 Dec 2023 09:00:00 -0000",2:56:27
792,https://www.podtrac.com/pts/redirect.mp3/pdst.fm/e/chrt.fm/track/3F7F74/traffic.megaphone.fm/SCIM5460291325.mp3?updated=1702331987,human autism,Dr. Karen Parker: The Causes & Treatments for Autism,"In this episode, my guest is Dr. Karen Parker, Ph.D., professor of psychiatry and director of the Social Neurosciences Research Program at Stanford University School of Medicine.","Mon, 11 Dec 2023 09:00:00 -0000",2:56:27
793,https://www.podtrac.com/pts/redirect.mp3/pdst.fm/e/chrt.fm/track/3F7F74/traffic.megaphone.fm/SCIM5460291325.mp3?updated=1702331987,autism research,Dr. Karen Parker: The Causes & Treatments for Autism,"In this episode, my guest is Dr. Karen Parker, Ph.D., professor of psychiatry and director of the Social Neurosciences Research Program at Stanford University School of Medicine.","Mon, 11 Dec 2023 09:00:00 -0000",2:56:27
795,https://www.podtrac.com/pts/redirect.mp3/pdst.fm/e/chrt.fm/track/3F7F74/traffic.megaphone.fm/SCIM5460291325.mp3?updated=1702331987,blood vasopressin levels,Dr. Karen Parker: The Causes & Treatments for Autism,"In this episode, my guest is Dr. Karen Parker, Ph.D., professor of psychiatry and director of the Social Neurosciences Research Program at Stanford University School of Medicine.","Mon, 11 Dec 2023 09:00:00 -0000",2:56:27
797,https://www.podtrac.com/pts/redirect.mp3/pdst.fm/e/chrt.fm/track/3F7F74/traffic.megaphone.fm/SCIM5460291325.mp3?updated=1702331987,low vasopressin levels,Dr. Karen Parker: The Causes & Treatments for Autism,"In this episode, my guest is Dr. Karen Parker, Ph.D., professor of psychiatry and director of the Social Neurosciences Research Program at Stanford University School of Medicine.","Mon, 11 Dec 2023 09:00:00 -0000",2:56:27
798,https://www.podtrac.com/pts/redirect.mp3/pdst.fm/e/chrt.fm/track/3F7F74/traffic.megaphone.fm/SCIM5460291325.mp3?updated=1702331987,low social functioning kids,Dr. Karen Parker: The Causes & Treatments for Autism,"In this episode, my guest is Dr. Karen Parker, Ph.D., professor of psychiatry and director of the Social Neurosciences Research Program at Stanford University School of Medicine.","Mon, 11 Dec 2023 09:00:00 -0000",2:56:27
799,https://www.podtrac.com/pts/redirect.mp3/pdst.fm/e/chrt.fm/track/3F7F74/traffic.megaphone.fm/SCIM5460291325.mp3?updated=1702331987,social behavior,Dr. Karen Parker: The Causes & Treatments for Autism,"In this episode, my guest is Dr. Karen Parker, Ph.D., professor of psychiatry and director of the Social Neurosciences Research Program at Stanford University School of Medicine.","Mon, 11 Dec 2023 09:00:00 -0000",2:56:27
814,https://www.podtrac.com/pts/redirect.mp3/pdst.fm/e/chrt.fm/track/3F7F74/traffic.megaphone.fm/SCIM5460291325.mp3?updated=1702331987,autism symptoms,Dr. Karen Parker: The Causes & Treatments for Autism,"In this episode, my guest is Dr. Karen Parker, Ph.D., professor of psychiatry and director of the Social Neurosciences Research Program at Stanford University School of Medicine.","Mon, 11 Dec 2023 09:00:00 -0000",2:56:27
816,https://www.podtrac.com/pts/redirect.mp3/pdst.fm/e/chrt.fm/track/3F7F74/traffic.megaphone.fm/SCIM5460291325.mp3?updated=1702331987,vasopressin levels,Dr. Karen Parker: The Causes & Treatments for Autism,"In this episode, my guest is Dr. Karen Parker, Ph.D., professor of psychiatry and director of the Social Neurosciences Research Program at Stanford University School of Medicine.","Mon, 11 Dec 2023 09:00:00 -0000",2:56:27
827,https://www.podtrac.com/pts/redirect.mp3/pdst.fm/e/chrt.fm/track/3F7F74/traffic.megaphone.fm/SCIM5460291325.mp3?updated=1702331987,autism spectrum disorders,Dr. Karen Parker: The Causes & Treatments for Autism,"In this episode, my guest is Dr. Karen Parker, Ph.D., professor of psychiatry and director of the Social Neurosciences Research Program at Stanford University School of Medicine.","Mon, 11 Dec 2023 09:00:00 -0000",2:56:27
828,https://www.podtrac.com/pts/redirect.mp3/pdst.fm/e/chrt.fm/track/3F7F74/traffic.megaphone.fm/SCIM5460291325.mp3?updated=1702331987,different social phenotypes,Dr. Karen Parker: The Causes & Treatments for Autism,"In this episode, my guest is Dr. Karen Parker, Ph.D., professor of psychiatry and director of the Social Neurosciences Research Program at Stanford University School of Medicine.","Mon, 11 Dec 2023 09:00:00 -0000",2:56:27
829,https://www.podtrac.com/pts/redirect.mp3/pdst.fm/e/chrt.fm/track/3F7F74/traffic.megaphone.fm/SCIM5460291325.mp3?updated=1702331987,severe autism,Dr. Karen Parker: The Causes & Treatments for Autism,"In this episode, my guest is Dr. Karen Parker, Ph.D., professor of psychiatry and director of the Social Neurosciences Research Program at Stanford University School of Medicine.","Mon, 11 Dec 2023 09:00:00 -0000",2:56:27
830,https://www.podtrac.com/pts/redirect.mp3/pdst.fm/e/chrt.fm/track/3F7F74/traffic.megaphone.fm/SCIM5460291325.mp3?updated=1702331987,lower CSF vasopressin levels,Dr. Karen Parker: The Causes & Treatments for Autism,"In this episode, my guest is Dr. Karen Parker, Ph.D., professor of psychiatry and director of the Social Neurosciences Research Program at Stanford University School of Medicine.","Mon, 11 Dec 2023 09:00:00 -0000",2:56:27
